,Latitude,Longtitude,City,Temp,Humidity,Cloudiness,Wind Speed,Date,Country
0,36.0652,-119.0168,Porterville,36.75,87,0,0.67,2022-01-30 11:40:55,US
1,-0.7393,-90.3518,Puerto Ayora,72.61,85,100,7.52,2022-01-30 11:40:55,EC
2,53.9711,38.3363,Donskoy,21.52,92,99,14.36,2022-01-30 11:40:55,RU
3,-21.2,-175.2,Vaini,80.89,78,100,13.89,2022-01-30 11:40:56,TO
4,-22.9661,-42.0278,Arraial do Cabo,82.26,74,75,5.75,2022-01-30 11:40:56,BR
5,5.4112,100.3354,George Town,85.95,75,20,1.01,2022-01-30 11:40:57,MY
6,35.1333,140.3,Katsuura,43.5,57,100,7.07,2022-01-30 11:37:43,JP
7,-54.8,-68.3,Ushuaia,44.26,70,75,25.32,2022-01-30 11:40:58,AR
8,26.1247,127.6694,Itoman,60.94,82,75,29.93,2022-01-30 11:40:58,JP
9,-33.8667,121.9,Esperance,85.84,47,19,19.53,2022-01-30 11:40:58,AU
10,-21.2078,-159.775,Avarua,78.85,83,40,12.66,2022-01-30 11:40:59,CK
11,-33.9258,18.4232,Cape Town,79.86,49,0,7.0,2022-01-30 11:36:25,ZA
12,64.3833,-173.3,Provideniya,4.01,79,4,5.99,2022-01-30 11:40:59,RU
13,57.3064,88.1667,Tegul'det,1.51,100,93,3.62,2022-01-30 11:41:00,RU
14,-33.0153,27.9116,East London,81.54,69,20,20.71,2022-01-30 11:39:07,ZA
15,22.0752,-159.319,Kapaa,69.84,77,40,11.5,2022-01-30 11:41:01,US
16,40.1629,-8.3327,Lata,55.33,25,54,3.53,2022-01-30 11:41:01,PT
17,70.0311,20.9714,Skjervøy,14.0,61,100,4.07,2022-01-30 11:41:02,NO
18,-20.5167,57.5167,Souillac,86.38,70,75,14.97,2022-01-30 11:41:02,MU
19,71.2906,-156.7887,Barrow,-2.18,78,100,12.66,2022-01-30 11:41:02,US
20,-33.918,25.5701,Port Elizabeth,80.89,61,0,13.8,2022-01-30 11:41:03,ZA
21,-46.1927,168.8643,Mataura,59.49,98,95,2.48,2022-01-30 11:41:03,NZ
22,52.7985,28.0048,Lyuban',33.64,93,93,15.86,2022-01-30 11:41:03,BY
23,-24.7911,-50.0119,Castro,63.03,99,100,6.13,2022-01-30 11:41:04,BR
24,47.6666,-52.7314,Torbay,51.3,98,100,20.71,2022-01-30 11:41:04,CA
25,-33.6971,-53.4616,Chui,73.69,60,34,7.85,2022-01-30 11:41:05,UY
26,41.7597,86.1469,Korla,27.81,46,37,4.0,2022-01-30 11:41:05,CN
27,14.8961,-24.4956,São Filipe,71.26,72,99,14.23,2022-01-30 11:41:05,CV
28,42.097,-79.2353,Jamestown,3.36,85,100,5.75,2022-01-30 11:41:06,US
29,6.4,-57.6,Catherinas Lust,78.58,75,84,5.53,2022-01-30 11:41:06,GY
30,53.0867,25.3219,Slonim,33.37,98,98,15.46,2022-01-30 11:41:07,BY
31,72.7868,-56.1549,Upernavik,-8.23,93,99,8.88,2022-01-30 11:41:07,GL
32,-23.1203,-134.9692,Rikitea,76.24,64,96,7.56,2022-01-30 11:41:08,PF
33,59.3833,143.3,Okhotsk,14.9,81,100,12.15,2022-01-30 11:41:08,RU
34,-42.8794,147.3294,Hobart,61.18,85,20,5.75,2022-01-30 11:37:24,AU
35,-8.9266,125.4092,Airai,62.13,88,100,3.09,2022-01-30 11:41:09,TL
36,-13.7,-76.2167,Pisco,68.05,83,0,4.61,2022-01-30 11:41:09,PE
37,-2.5744,150.7967,Kavieng,81.54,77,100,4.94,2022-01-30 11:41:10,PG
38,46.4856,135.8833,Vostok,-14.89,99,98,3.24,2022-01-30 11:41:10,RU
39,-34.5322,20.0403,Bredasdorp,78.12,57,68,17.27,2022-01-30 11:41:10,ZA
40,-9.8756,-56.0861,Alta Floresta,70.05,99,100,3.62,2022-01-30 11:41:11,BR
41,27.9769,-114.0611,Guerrero Negro,58.66,77,37,9.93,2022-01-30 11:41:11,MX
42,73.5069,80.5464,Dikson,5.77,94,100,19.66,2022-01-30 11:41:11,RU
43,2.7858,24.73,Buta,99.84,12,5,3.89,2022-01-30 11:41:12,CD
44,-46.6,168.3333,Bluff,59.81,92,100,5.3,2022-01-30 11:41:12,NZ
45,-15.7667,128.7333,Kununurra,87.78,62,75,18.41,2022-01-30 11:41:13,AU
46,69.7008,170.3133,Pevek,-10.93,94,100,1.12,2022-01-30 11:41:13,RU
47,4.9333,-52.3333,Cayenne,78.1,86,75,1.01,2022-01-30 11:41:14,GF
48,43.3,52.8,Zhangaözen,43.52,57,79,17.81,2022-01-30 11:41:14,KZ
49,-22.2763,166.4572,Noumea,78.78,88,99,8.99,2022-01-30 11:39:04,NC
50,59.7035,30.7861,Nikolskoye,28.67,92,100,10.04,2022-01-30 11:41:15,RU
51,57.0531,-135.33,Sitka,33.69,86,75,9.22,2022-01-30 11:41:15,US
52,-9.8,-139.0333,Atuona,77.34,75,8,12.55,2022-01-30 11:41:16,PF
53,39.05,-27.9833,Lagoa,57.31,62,50,22.75,2022-01-30 11:41:16,PT
54,-20.3428,57.7575,Bambous Virieux,86.25,70,75,14.97,2022-01-30 11:41:17,MU
55,8.4833,76.9167,Trivandrum,87.78,62,20,4.61,2022-01-30 11:38:02,IN
56,-24.8667,113.6333,Carnarvon,80.67,74,1,19.57,2022-01-30 11:41:18,AU
57,-53.15,-70.9167,Punta Arenas,44.71,70,0,14.97,2022-01-30 11:41:18,CL
58,42.6001,-73.9662,Albany,2.21,55,14,1.99,2022-01-30 11:41:18,US
59,-45.5752,-72.0662,Coyhaique,46.35,71,0,2.3,2022-01-30 11:41:19,CL
60,-41.8697,-73.8203,Ancud,47.73,70,42,7.02,2022-01-30 11:41:19,CL
61,26.7292,33.9365,Safaga,66.15,32,0,8.32,2022-01-30 11:41:19,EG
62,77.484,-69.3632,Qaanaaq,-10.07,82,98,5.77,2022-01-30 11:41:20,GL
63,-43.3002,-65.1023,Rawson,63.91,37,97,24.79,2022-01-30 11:41:20,AR
64,25.2088,64.6357,Ormara,73.99,69,0,15.39,2022-01-30 11:41:21,PK
65,4.8845,-1.7554,Takoradze,86.86,56,40,9.4,2022-01-30 11:41:21,GH
66,1.5,21.05,Bongandanga,99.88,12,30,4.54,2022-01-30 11:41:21,CD
67,2.0167,112.9333,Kapit,75.22,96,100,0.56,2022-01-30 11:41:22,MY
68,67.5447,133.385,Verkhoyansk,-30.15,99,98,0.49,2022-01-30 11:41:22,RU
69,4.1748,73.5089,Malé,85.95,66,75,12.66,2022-01-30 11:38:42,MV
70,71.6872,128.8694,Tiksi,-14.08,100,44,4.16,2022-01-30 11:38:24,RU
71,25.5198,90.2201,Tura,59.76,47,60,1.07,2022-01-30 11:41:23,IN
72,8.3833,-80.1667,Loma Bonita,75.78,74,40,12.5,2022-01-30 11:41:23,PA
73,61.2767,108.0108,Yerbogachën,-4.97,100,100,2.68,2022-01-30 11:41:24,RU
74,-2.0226,147.2712,Lorengau,80.55,79,100,9.44,2022-01-30 11:41:24,PG
75,13.2167,-59.5167,Bathsheba,75.81,78,20,13.8,2022-01-30 11:41:24,BB
76,70.6333,147.9167,Chokurdakh,-26.36,92,60,2.55,2022-01-30 11:41:25,RU
77,-42.7692,-65.0385,Puerto Madryn,64.08,40,100,21.39,2022-01-30 11:41:25,AR
78,-14.8031,36.5372,Cuamba,83.82,58,34,2.55,2022-01-30 11:41:27,MZ
79,-20.4081,57.7,Mahébourg,86.29,70,75,14.97,2022-01-30 11:41:27,MU
80,66.4043,14.5233,Storforshei,22.78,92,40,2.3,2022-01-30 11:41:27,NO
81,22.2855,114.1577,Hong Kong,61.18,68,47,1.01,2022-01-30 11:40:02,HK
82,-33.5906,26.891,Port Alfred,81.59,66,3,17.4,2022-01-30 11:41:28,ZA
83,34.9833,139.8667,Tateyama,43.12,52,100,9.26,2022-01-30 11:40:00,JP
84,-29.9533,-71.3436,Coquimbo,58.73,88,0,2.3,2022-01-30 11:41:29,CL
85,65.282,-126.8329,Norman Wells,-27.36,68,20,3.44,2022-01-30 11:41:29,CA
86,48.0056,91.6419,Khovd,-11.0,88,17,2.84,2022-01-30 11:41:29,MN
87,-34.4187,19.2345,Hermanus,86.81,48,68,18.12,2022-01-30 11:41:31,ZA
88,49.6172,-100.2612,Souris,6.66,96,90,3.44,2022-01-30 11:41:31,CA
89,28.6868,69.9534,Rojhan,75.88,15,0,4.99,2022-01-30 11:41:32,PK
90,40.5982,-124.1573,Fortuna,44.71,95,100,1.01,2022-01-30 11:41:32,US
91,44.6453,-63.5724,Halifax,28.51,85,97,11.01,2022-01-30 11:39:42,CA
92,-33.65,115.3333,Busselton,70.05,74,0,23.38,2022-01-30 11:41:33,AU
93,53.9606,105.8817,Kachug,-14.01,100,88,1.3,2022-01-30 11:41:33,RU
94,19.7297,-155.09,Hilo,64.47,76,20,5.75,2022-01-30 11:41:34,US
95,3.8093,43.2471,Wajid,95.11,15,37,13.85,2022-01-30 11:41:34,SO
96,49.0331,-119.4524,Osoyoos,28.47,83,100,5.75,2022-01-30 11:41:35,CA
97,25.2919,60.643,Chabahar,74.75,64,0,17.87,2022-01-30 11:41:35,IR
98,7.503,134.621,Palau,78.76,83,75,0.0,2022-01-30 11:41:35,PW
99,38.5167,-28.7,Ribeira Grande,61.2,63,40,14.97,2022-01-30 11:41:36,PT
100,-17.7333,-149.15,Tautira,75.22,76,81,9.93,2022-01-30 11:41:36,PF
101,35.6003,103.2064,Linxia Chengguanzhen,13.98,81,31,3.47,2022-01-30 11:41:36,CN
102,67.45,153.6833,Srednekolymsk,-30.44,100,81,2.06,2022-01-30 11:41:37,RU
103,-17.7125,-39.2481,Caravelas,85.51,62,18,8.5,2022-01-30 11:41:37,BR
104,-6.1761,143.6513,Mendi,56.19,98,100,0.6,2022-01-30 11:41:38,PG
105,69.4541,-133.0374,Tuktoyaktuk,-5.66,97,100,17.22,2022-01-30 11:41:38,CA
106,-8.19,114.9675,Banjar,82.26,91,100,2.35,2022-01-30 11:41:38,ID
107,71.9167,114.0833,Saskylakh,-18.27,100,100,2.84,2022-01-30 11:37:20,RU
108,4.8699,-2.2405,Esim,89.78,48,56,6.44,2022-01-30 11:41:39,GH
109,66.3167,-179.1667,Egvekinot,-3.26,65,15,6.26,2022-01-30 11:41:39,RU
110,71.9667,102.5,Khatanga,-16.24,93,100,8.12,2022-01-30 11:41:40,RU
111,57.3654,57.2495,Ust'-Kishert',14.76,95,99,4.94,2022-01-30 11:41:41,RU
112,43.2686,-7.5406,Bereda,51.3,44,4,0.56,2022-01-30 11:41:41,ES
113,-9.4333,159.95,Honiara,78.71,85,100,3.09,2022-01-30 11:41:41,SB
114,68.6073,31.7962,Verkhnetulomskiy,5.13,100,92,1.45,2022-01-30 11:41:42,RU
115,-8.8389,-69.2597,Manoel Urbano,71.69,100,100,1.21,2022-01-30 11:41:42,BR
116,9.5201,-84.3225,Parrita,78.57,65,22,4.23,2022-01-30 11:41:42,CR
117,41.3712,-73.414,Bethel,7.38,51,0,1.01,2022-01-30 11:41:43,US
118,33.194,-82.5271,Avera,24.44,37,0,6.44,2022-01-30 11:41:43,US
119,60.9167,-46.05,Narsaq,10.62,69,96,11.18,2022-01-30 11:41:43,GL
120,-1.5233,-52.5817,Almeirim,73.06,97,100,2.06,2022-01-30 11:41:45,BR
121,4.9247,6.2642,Yenagoa,96.13,11,93,7.58,2022-01-30 11:41:46,NG
122,64.8945,-23.7142,Olafsvik,29.79,76,100,42.88,2022-01-30 11:41:47,IS
123,29.0361,114.5636,Yining,39.54,83,74,1.88,2022-01-30 11:41:47,CN
124,18.6853,12.9164,Bilma,72.05,11,1,18.03,2022-01-30 11:41:48,NE
125,70.4692,-68.5914,Clyde River,-19.97,69,100,4.61,2022-01-30 11:41:48,CA
126,36.6167,101.7667,Xining,16.25,61,5,3.8,2022-01-30 11:41:48,CN
127,20.1986,1.0114,Tessalit,82.8,9,2,15.03,2022-01-30 11:41:49,ML
128,-21.15,149.2,Mackay,80.58,83,100,10.36,2022-01-30 11:41:49,AU
129,-23.7781,-45.3581,Ilhabela,73.26,94,100,2.89,2022-01-30 11:38:10,BR
130,14.4,46.4667,Marzuq,81.32,25,31,8.99,2022-01-30 11:41:50,YE
131,32.6667,-17.1,Ponta do Sol,66.83,56,2,6.2,2022-01-30 11:41:50,PT
132,49.5776,111.9753,Kyra,-6.34,94,11,4.59,2022-01-30 11:41:51,RU
133,3.0707,172.7902,Butaritari,82.15,77,100,21.05,2022-01-30 11:41:51,KI
134,47.6967,131.0981,Amurzet,-9.2,94,16,5.93,2022-01-30 11:41:51,RU
135,54.6333,-8.45,Killybegs,44.31,80,100,19.33,2022-01-30 11:41:52,IE
136,-21.3585,55.7679,Saint-Philippe,84.87,71,32,12.77,2022-01-30 11:41:52,RE
137,14.5333,20.9167,Biltine,82.45,8,2,7.36,2022-01-30 11:41:52,TD
138,-34.6667,-54.9167,Departamento de Maldonado,69.19,63,23,11.56,2022-01-30 11:41:53,UY
139,37.4636,-122.4286,Half Moon Bay,47.44,84,100,1.01,2022-01-30 11:41:53,US
140,-34.0033,24.7314,Kruisfontein,83.53,45,0,15.55,2022-01-30 11:41:54,ZA
141,-19.0595,-169.9187,Alofi,76.89,94,98,2.3,2022-01-30 11:41:54,NU
142,57.79,-152.4072,Saint Paul Harbor,26.11,63,0,13.8,2022-01-30 11:41:55,US
143,-35.1,173.7833,Kaeo,62.33,91,98,8.23,2022-01-30 11:41:56,NZ
144,39.8161,109.9776,Dongsheng,11.1,49,48,20.76,2022-01-30 11:41:56,CN
145,10.9995,122.6711,Dingle,77.95,87,26,1.95,2022-01-30 11:41:57,PH
146,18.5616,120.7868,Pagudpud,75.16,83,85,14.09,2022-01-30 11:41:58,PH
147,17.0818,122.4157,Dicabisagan,75.58,87,97,12.62,2022-01-30 11:41:59,PH
148,33.7333,135.9833,Shingū,42.03,68,100,5.99,2022-01-30 11:41:59,JP
149,55.7435,-97.8558,Thompson,-2.04,84,100,2.3,2022-01-30 11:41:59,CA
150,-3.8004,102.2655,Bengkulu,78.53,88,100,3.11,2022-01-30 11:40:40,ID
151,62.2266,-6.589,Klaksvík,38.32,64,100,17.67,2022-01-30 11:42:00,FO
152,33.816,-78.68,North Myrtle Beach,23.31,65,1,5.75,2022-01-30 11:42:01,US
153,-38.0023,-57.5575,Mar del Plata,73.87,76,0,21.0,2022-01-30 11:42:02,AR
154,-46.2817,169.8464,Kaitangata,56.41,97,92,3.38,2022-01-30 11:42:02,NZ
155,62.456,-114.3525,Yellowknife,-21.48,76,20,9.22,2022-01-30 11:42:02,CA
156,35.3144,46.9923,Sanandij,39.22,48,40,6.91,2022-01-30 11:42:03,IR
157,26.1842,127.7558,Nishihara,60.51,82,90,23.02,2022-01-30 11:42:03,JP
158,37.8063,-0.8374,San Javier,59.36,40,0,0.0,2022-01-30 11:42:04,ES
159,34.9833,133.4667,Niimi,34.66,93,91,2.75,2022-01-30 11:42:04,JP
160,37.0244,111.9125,Jiexiu,27.0,45,58,6.13,2022-01-30 11:42:05,CN
161,-21.3667,55.6167,Saint-Joseph,84.13,70,21,14.07,2022-01-30 11:42:06,RE
162,66.0449,-17.3389,Husavik,35.51,75,100,18.99,2022-01-30 11:42:07,IS
163,35.7333,140.8333,Hasaki,39.52,46,100,9.01,2022-01-30 11:38:42,JP
164,64.8569,-147.8028,College,-29.27,67,1,0.0,2022-01-30 11:42:08,US
165,18.4167,-64.6167,Road Town,73.49,94,40,4.61,2022-01-30 11:42:08,VG
166,27.0837,-80.4164,Martin,37.31,58,0,9.37,2022-01-30 11:42:09,US
167,54.5163,-128.6035,Terrace,39.11,100,90,14.97,2022-01-30 11:42:09,CA
168,36.7585,-3.8873,Nerja,65.68,43,0,1.99,2022-01-30 11:42:10,ES
169,14.9215,-23.5087,Praia,72.14,64,75,20.71,2022-01-30 11:42:10,CV
170,50.6398,29.4704,Bila Krynytsya,39.34,87,97,16.08,2022-01-30 11:42:11,UA
171,-0.6,73.0833,Hithadhoo,82.09,65,100,4.09,2022-01-30 11:42:11,MV
172,42.8666,-106.3131,Casper,28.99,43,0,18.41,2022-01-30 11:39:43,US
173,51.8032,9.6884,Dassel,41.43,69,61,19.22,2022-01-30 11:42:12,DE
174,78.2186,15.6401,Longyearbyen,8.44,66,20,13.8,2022-01-30 11:42:13,SJ
175,-20.15,28.5833,Bulawayo,73.83,63,98,9.84,2022-01-30 11:42:13,ZW
176,-2.7167,17.6833,Nioki,92.08,31,99,1.7,2022-01-30 11:42:14,CD
177,-2.6741,141.3028,Vanimo,78.51,82,97,9.22,2022-01-30 11:42:14,PG
178,50.6789,156.125,Severo-Kuril'sk,26.22,92,100,17.07,2022-01-30 11:42:14,RU
179,14.2,24.6667,Kutum,74.07,10,3,5.1,2022-01-30 11:42:15,SD
180,-41.1456,-71.3082,Bariloche,53.35,54,40,20.71,2022-01-30 11:40:35,AR
181,52.8566,35.1964,Shablykino,26.8,93,100,18.05,2022-01-30 11:42:16,RU
182,-42.7826,147.0587,New Norfolk,60.91,97,4,1.1,2022-01-30 11:42:16,AU
183,34.1743,-97.1436,Ardmore,36.7,40,0,5.75,2022-01-30 11:42:17,US
184,22.6783,-3.9836,Taoudenni,82.44,10,82,16.84,2022-01-30 11:42:18,ML
185,-28.7667,114.6,Geraldton,75.61,78,0,16.11,2022-01-30 11:40:52,AU
186,-8.4667,140.3333,Merauke,77.58,88,100,8.7,2022-01-30 11:42:19,ID
187,36.8197,21.7049,Methóni,60.66,62,9,15.82,2022-01-30 11:42:19,GR
188,-16.4833,-151.75,Faanui,80.15,73,100,7.52,2022-01-30 11:42:20,PF
189,30.4833,-115.95,San Quintín,55.38,76,0,4.32,2022-01-30 11:42:20,MX
190,14.3236,99.5161,Bo Phloi,88.32,28,29,7.31,2022-01-30 11:38:39,TH
191,22.8909,-109.9124,Cabo San Lucas,67.51,76,15,5.64,2022-01-30 11:42:21,MX
192,-16.7,-151.0167,Fare,79.99,74,68,8.05,2022-01-30 11:42:22,PF
193,26.9147,70.9181,Jaisalmer,77.22,16,0,10.6,2022-01-30 11:38:51,IN
194,37.7333,-25.6667,Ponta Delgada,57.92,77,75,9.22,2022-01-30 11:42:22,PT
195,62.6667,135.6,Khandyga,-37.08,100,63,1.66,2022-01-30 11:42:23,RU
196,37.7528,-100.0171,Dodge City,25.29,74,0,1.99,2022-01-30 11:42:23,US
197,38.421,-121.4238,Laguna,40.12,90,1,3.44,2022-01-30 11:42:24,US
198,11.6667,92.75,Port Blair,82.44,65,20,4.61,2022-01-30 11:42:24,IN
199,-34.4833,-54.3333,Rocha,72.43,63,15,9.22,2022-01-30 11:42:24,UY
200,-20.2078,57.7625,Quatre Cocos,85.08,70,39,17.36,2022-01-30 11:42:25,MU
201,-46.1333,167.6833,Tuatapere,59.83,95,87,2.17,2022-01-30 11:42:26,NZ
202,-9.0153,-42.6994,São Raimundo Nonato,75.45,76,95,4.29,2022-01-30 11:42:26,BR
203,43.0645,44.7417,Oktyabr'skoye,37.35,64,75,11.18,2022-01-30 11:42:27,RU
204,44.3683,-100.351,Pierre,16.72,79,1,5.75,2022-01-30 11:42:28,US
205,1.1983,-70.1733,Mitú,70.43,74,99,2.46,2022-01-30 11:42:29,CO
206,52.9647,43.4165,Belinsky,27.28,96,88,9.89,2022-01-30 11:42:29,RU
207,47.4334,-72.7824,La Tuque,-16.35,76,82,2.3,2022-01-30 11:42:30,CA
208,4.5721,28.3955,Yambio,94.44,13,36,5.99,2022-01-30 11:42:33,SS
209,-25.1667,46.0833,Ambovombe,84.0,58,22,20.58,2022-01-30 11:42:35,MG
210,-2.5364,-57.76,Urucará,72.37,99,100,3.96,2022-01-30 11:42:36,BR
211,36.2083,-115.9839,Pahrump,38.77,23,35,2.48,2022-01-30 11:42:36,US
212,68.75,161.3,Cherskiy,-27.74,100,59,3.2,2022-01-30 11:40:21,RU
213,44.0787,-80.2041,Shelburne,7.18,84,91,8.19,2022-01-30 11:42:37,CA
214,51.5,95.6,Saryg-Sep,-17.77,100,42,2.44,2022-01-30 11:42:37,RU
215,20.9617,-76.9511,Las Tunas,64.53,71,100,10.56,2022-01-30 11:42:38,CU
216,7.7669,-72.225,San Cristobal,64.58,83,93,2.28,2022-01-30 11:42:38,VE
217,-41.4122,175.5153,Waipawa,56.89,92,69,2.84,2022-01-30 11:42:39,NZ
218,-22.4667,-68.9333,Calama,43.29,61,0,13.8,2022-01-30 11:42:39,CL
219,-38.6533,178.0042,Gisborne,62.29,86,0,3.15,2022-01-30 11:38:53,NZ
220,6.1241,81.1185,Hambantota,86.34,79,20,8.05,2022-01-30 11:40:36,LK
221,-19.5836,-65.7531,Potosí,44.64,75,97,2.62,2022-01-30 11:42:42,BO
222,36.6864,52.5225,Fereydūnkenār,53.82,58,0,0.0,2022-01-30 11:42:43,IR
223,66.1451,-65.7125,Pangnirtung,-22.94,92,100,5.75,2022-01-30 11:42:44,CA
224,5.7947,0.8973,Anloga,89.82,36,97,9.08,2022-01-30 11:42:44,GH
225,6.3005,-10.7969,Monrovia,87.57,64,39,5.17,2022-01-30 11:42:45,LR
226,-23.6752,22.7876,Kang,78.01,57,97,16.37,2022-01-30 11:42:46,BW
227,35.0894,139.0686,Atami,41.27,60,100,5.14,2022-01-30 11:40:00,JP
228,-8.345,113.6058,Ambulu,78.4,87,100,3.24,2022-01-30 11:42:47,ID
229,42.7762,-9.0603,Muros,55.4,58,0,1.28,2022-01-30 11:42:47,ES
230,56.8344,95.2283,Dzerzhinskoye,3.11,98,100,2.26,2022-01-30 11:42:48,RU
231,-7.6072,109.5142,Gombong,82.11,89,100,0.45,2022-01-30 11:40:09,ID
232,69.3833,178.4167,Leningradskiy,-8.86,95,100,3.58,2022-01-30 11:42:49,RU
233,44.1653,133.8633,Chuguyevka,0.59,99,99,3.33,2022-01-30 11:42:49,RU
234,42.4907,78.3936,Karakol,19.27,86,61,5.82,2022-01-30 11:42:50,KG
235,51.1786,49.6769,Ozinki,31.14,95,100,15.19,2022-01-30 11:42:50,RU
236,-28.24,-48.6703,Imbituba,75.09,73,98,3.78,2022-01-30 11:41:35,BR
237,-45.4167,167.7167,Te Anau,55.69,94,74,0.6,2022-01-30 11:42:51,NZ
238,38.4496,-78.8689,Harrisonburg,7.81,73,0,0.0,2022-01-30 11:42:51,US
239,31.6725,38.6637,Turaif,55.65,35,0,16.11,2022-01-30 11:42:52,SA
240,-26.5667,31.1833,Malkerns,75.58,75,99,5.46,2022-01-30 11:42:53,SZ
241,13.0667,-59.5333,Oistins,75.29,78,20,13.8,2022-01-30 11:42:53,BB
242,4.1363,96.1285,Meulaboh,81.09,74,77,7.43,2022-01-30 11:42:53,ID
243,68.2191,-135.0107,Aklavik,-12.17,92,100,4.63,2022-01-30 11:42:54,CA
244,17.0151,54.0924,Salalah,78.89,57,20,9.22,2022-01-30 11:42:55,OM
245,19.4167,80.0667,Allāpalli,75.85,23,0,1.88,2022-01-30 11:42:56,IN
246,28.017,-97.5169,San Patricio,45.5,70,0,5.93,2022-01-30 11:42:57,US
247,11.2842,49.1816,Bosaso,80.58,61,20,13.8,2022-01-30 11:42:57,SO
248,-5.1989,-35.4608,Touros,81.5,65,88,14.38,2022-01-30 11:42:57,BR
249,48.6499,-53.1147,Bonavista,48.2,99,100,24.02,2022-01-30 11:42:58,CA
250,-15.3833,-62.95,Urubichá,75.02,85,88,1.16,2022-01-30 11:42:59,BO
251,35.3029,37.1841,Abu Samrah,51.51,52,99,1.68,2022-01-30 11:42:59,SY
252,-6.6447,-51.995,São Félix do Xingu,72.16,90,100,1.68,2022-01-30 11:42:59,BR
253,49.6334,-105.9845,Assiniboia,26.42,68,100,14.97,2022-01-30 11:43:00,CA
254,-38.6044,145.5913,Wonthaggi,68.83,92,35,10.87,2022-01-30 11:43:00,AU
255,6.4857,-75.395,Donmatías,51.12,95,88,1.25,2022-01-30 11:43:01,CO
256,62.3153,27.873,Varkaus,24.31,93,100,9.84,2022-01-30 11:43:01,FI
257,63.2842,118.3319,Nyurba,-20.43,100,68,3.91,2022-01-30 11:43:02,RU
258,-26.7694,-48.6458,Penha,72.97,73,75,5.75,2022-01-30 11:43:02,BR
259,13.7796,124.39,Gigmoto,79.54,85,5,2.13,2022-01-30 11:43:03,PH
260,-33.0117,17.9442,Saldanha,93.25,64,16,13.31,2022-01-30 11:43:03,ZA
261,31.7167,-116.5667,Rodolfo Sánchez Taboada,52.92,50,0,2.3,2022-01-30 11:43:04,MX
262,62.8629,51.8905,Sindor,11.44,96,100,4.85,2022-01-30 11:43:05,RU
263,-18.5278,32.1284,Rusape,76.87,41,25,8.99,2022-01-30 11:43:05,ZW
264,12.1694,-83.0418,Corn Island,79.54,71,30,17.74,2022-01-30 11:43:06,NI
265,41.5,33.6667,Kastamonu Province,30.22,75,39,2.91,2022-01-30 11:43:07,TR
266,14.9709,8.8879,Tanout,76.15,9,1,23.58,2022-01-30 11:43:08,NE
267,-16.0999,167.4164,Lakatoro,78.08,90,100,9.89,2022-01-30 11:43:08,VU
268,39.5108,54.3671,Balkanabat,51.22,41,2,7.92,2022-01-30 11:43:09,TM
269,-23.865,35.3833,Inhambane,84.67,49,72,12.08,2022-01-30 11:43:10,MZ
270,45.2117,36.7161,Taman',44.92,70,62,24.32,2022-01-30 11:43:10,RU
271,46.4333,26.4,Asău,39.97,63,74,14.61,2022-01-30 11:43:11,RO
272,50.0979,118.0369,Krasnokamensk,-12.03,95,5,3.53,2022-01-30 11:43:11,RU
273,69.2167,-51.1,Ilulissat,6.82,72,75,14.97,2022-01-30 11:43:11,GL
274,37.1041,-113.5841,Saint George,36.27,37,0,4.61,2022-01-30 11:43:12,US
275,39.0062,-77.4286,Sterling,14.11,64,1,0.0,2022-01-30 11:43:12,US
276,51.226,-58.6502,Saint-Augustin,30.58,95,100,19.22,2022-01-30 11:43:13,CA
277,61.5996,5.0328,Florø,37.36,65,40,12.66,2022-01-30 11:43:14,NO
278,60.7333,77.5889,Strezhevoy,8.58,92,100,9.35,2022-01-30 11:43:14,RU
279,52.85,-102.3842,Hudson Bay,13.01,95,100,5.32,2022-01-30 11:43:15,CA
280,55.1001,-105.2842,La Ronge,16.05,92,100,2.3,2022-01-30 11:43:15,CA
281,-45.8742,170.5036,Dunedin,61.81,82,99,8.01,2022-01-30 11:43:16,NZ
282,40.4163,-120.653,Susanville,19.83,85,4,1.99,2022-01-30 11:43:16,US
283,51.8,68.3333,Atbasar,15.13,92,100,12.93,2022-01-30 11:43:16,KZ
284,64.8989,45.7622,Leshukonskoye,11.61,94,100,7.31,2022-01-30 11:43:17,RU
285,45.0205,-93.218,Saint Anthony,17.98,70,100,9.22,2022-01-30 11:43:17,US
286,-8.145,159.5921,Buala,80.19,84,99,5.03,2022-01-30 11:43:18,SB
287,12.7667,-2.8833,Toma,90.82,7,2,17.0,2022-01-30 11:43:18,BF
288,42.2683,118.9636,Chifeng,21.02,27,42,2.89,2022-01-30 11:43:19,CN
289,37.6773,31.7246,Beyşehir,35.55,100,88,6.85,2022-01-30 11:43:19,TR
290,7.0419,134.2556,Kloulklubed,79.3,66,100,12.77,2022-01-30 11:42:57,PW
291,-28.5242,28.8158,Phuthaditjhaba,80.04,31,10,7.52,2022-01-30 11:43:20,ZA
292,-28.783,32.0377,Richards Bay,82.44,59,60,12.35,2022-01-30 11:43:20,ZA
293,-21.6403,-41.0511,São João da Barra,77.09,77,80,6.08,2022-01-30 11:43:21,BR
294,-37.6167,-73.65,Lebu,59.05,84,13,4.12,2022-01-30 11:43:21,CL
295,67.4667,86.5833,Igarka,-3.19,97,99,10.04,2022-01-30 11:43:22,RU
296,34.6381,-99.334,Altus,29.25,67,1,8.05,2022-01-30 11:43:22,US
297,-31.9333,115.8333,Perth,81.0,62,0,11.5,2022-01-30 11:40:10,AU
298,58.8053,-122.7002,Fort Nelson,0.99,78,100,5.75,2022-01-30 11:43:23,CA
299,-23.5333,148.1667,Emerald,86.14,48,31,6.91,2022-01-30 11:42:06,AU
300,70.9963,24.6622,Havøysund,29.28,59,100,18.05,2022-01-30 11:43:24,NO
301,-28.65,153.6167,Byron Bay,75.11,89,84,7.47,2022-01-30 11:41:37,AU
302,-37.8333,140.7667,Mount Gambier,64.31,88,10,6.91,2022-01-30 11:43:25,AU
303,13.3068,123.3425,Buluang,77.43,89,9,0.78,2022-01-30 11:43:26,PH
304,61.509,5.7168,Naustdal,35.92,74,75,8.05,2022-01-30 11:43:27,NO
305,24.3448,124.1572,Ishigaki,60.93,77,75,18.41,2022-01-30 11:42:08,JP
306,55.9175,21.0686,Palanga,35.62,93,100,14.97,2022-01-30 11:43:27,LT
307,2.0371,45.3438,Mogadishu,85.87,62,0,19.57,2022-01-30 11:43:28,SO
308,65.441,52.1498,Ust-Tsilma,11.68,95,98,5.97,2022-01-30 11:43:28,RU
309,34.6391,-120.4579,Lompoc,41.58,69,1,0.0,2022-01-30 11:43:29,US
310,7.2772,124.3072,Simuay,77.58,84,92,3.78,2022-01-30 11:43:30,PH
311,-13.8833,167.55,Sola,82.31,77,100,17.07,2022-01-30 11:43:31,VU
312,46.1285,-112.9423,Anaconda,28.78,67,88,6.89,2022-01-30 11:43:31,US
313,-3.2778,-39.2689,Trairi,75.49,91,100,5.01,2022-01-30 11:43:32,BR
314,49.4169,-82.4331,Kapuskasing,-7.6,84,100,3.44,2022-01-30 11:43:32,CA
315,-25.2406,130.9889,Yulara,82.24,65,100,18.41,2022-01-30 11:43:32,AU
316,50.2001,-66.3821,Sept-Îles,7.03,84,100,8.99,2022-01-30 11:43:33,CA
317,15.5667,108.4833,Tam Ky,71.58,93,75,7.4,2022-01-30 11:43:33,VN
318,10.95,106.8167,Bien Hoa,82.38,68,70,10.67,2022-01-30 11:39:56,VN
319,14.1079,121.1414,Santo Tomas,78.66,88,19,2.68,2022-01-30 11:43:34,PH
320,60.1432,-45.2371,Nanortalik,12.45,72,100,7.74,2022-01-30 11:43:34,GL
321,20.8947,-156.47,Kahului,71.06,74,0,12.66,2022-01-30 11:43:36,US
322,-22.9597,-44.0406,Mangaratiba,74.53,85,100,2.73,2022-01-30 11:43:18,BR
323,6.3017,-70.2041,Cravo Norte,75.49,47,89,10.94,2022-01-30 11:43:37,CO
324,64.5011,-165.4064,Nome,-11.13,70,0,3.44,2022-01-30 11:43:37,US
325,-15.1961,12.1522,Mossamedes,79.43,65,40,11.5,2022-01-30 11:43:38,AO
326,21.4612,-71.1419,Cockburn Town,75.38,76,21,18.99,2022-01-30 11:43:38,TC
327,6.0367,80.217,Galle,81.9,71,13,6.53,2022-01-30 11:43:38,LK
328,68.3499,-133.7218,Inuvik,-13.9,77,100,4.61,2022-01-30 11:43:39,CA
329,-4.3614,14.7644,Kinkala,82.71,55,95,7.16,2022-01-30 11:43:39,CG
330,35.4498,137.4128,Ena,34.84,69,97,3.29,2022-01-30 11:43:39,JP
331,45.653,8.6336,Pombia,56.23,36,0,4.61,2022-01-30 11:43:40,IT
332,34.4833,136.85,Toba,42.1,66,100,5.01,2022-01-30 11:43:40,JP
333,10.1483,-85.452,Nicoya,70.95,84,47,7.25,2022-01-30 11:43:41,CR
334,63.4453,120.3167,Verkhnevilyuysk,-21.46,100,69,3.89,2022-01-30 11:43:41,RU
335,50.2536,-96.0612,Lac du Bonnet,-5.01,100,100,2.98,2022-01-30 11:43:42,CA
336,9.4942,50.8122,Bandarbeyla,78.35,65,100,18.75,2022-01-30 11:43:42,SO
337,16.7833,94.7333,Pathein,68.85,66,11,8.59,2022-01-30 11:43:43,MM
338,-17.9167,15.95,Ondangwa,82.4,34,0,9.22,2022-01-30 11:43:43,NA
339,26.7693,31.5021,Ţahţā,62.92,30,2,10.33,2022-01-30 11:43:43,EG
340,18.7333,-103.6833,Coahuayana Viejo,66.36,69,0,3.58,2022-01-30 11:43:44,MX
341,16.3332,-61.3473,Le Moule,81.18,100,2,11.3,2022-01-30 11:43:44,GP
342,64.2539,-15.2082,Hofn,33.93,95,100,8.61,2022-01-30 11:43:45,IS
343,-10.6167,150.6667,Samarai,81.95,78,100,9.4,2022-01-30 11:43:46,PG
344,63.8424,-22.4338,Grindavik,28.87,93,75,34.52,2022-01-30 11:43:46,IS
345,69.3,139.9,Deputatsky,-24.0,100,63,3.0,2022-01-30 11:43:47,RU
346,-7.7169,109.9128,Kutoarjo,82.17,90,100,1.92,2022-01-30 11:43:47,ID
347,-25.4,-70.4833,Taltal,64.45,77,73,1.63,2022-01-30 11:43:48,CL
348,25.7,100.1833,Dali,43.23,71,57,5.97,2022-01-30 11:43:49,CN
349,37.062,-97.0384,Arkansas City,22.69,80,1,3.44,2022-01-30 11:43:50,US
350,60.7522,-137.5108,Haines Junction,10.35,72,100,3.44,2022-01-30 11:43:50,CA
351,-7.95,110.2833,Bambanglipuro,78.91,84,100,3.04,2022-01-30 11:43:51,ID
352,48.5833,-4.0,Arrondissement de Morlaix,50.13,81,90,3.44,2022-01-30 11:43:52,FR
353,52.4586,44.2169,Serdobsk,26.38,95,81,8.01,2022-01-30 11:43:52,RU
354,51.3813,1.3862,Margate,44.29,68,19,3.0,2022-01-30 11:43:53,GB
355,17.8868,-77.5902,Bull Savanna,69.03,83,18,9.48,2022-01-30 11:43:53,JM
356,-19.8436,34.8389,Beira,87.89,58,20,11.5,2022-01-30 11:43:54,MZ
357,35.5333,134.8333,Toyooka,37.51,93,100,2.04,2022-01-30 11:39:46,JP
358,59.3098,14.1081,Kristinehamn,40.08,53,73,21.56,2022-01-30 11:43:55,SE
359,0.0722,42.7506,Jamame,87.85,49,27,19.33,2022-01-30 11:43:56,SO
360,-20.3297,-40.2925,Vila Velha,78.75,78,40,5.75,2022-01-30 11:42:03,BR
361,-28.5708,-70.7581,Vallenar,62.96,73,0,3.78,2022-01-30 11:43:56,CL
362,-35.3333,-72.4167,Constitución,61.9,82,14,4.5,2022-01-30 11:43:58,CL
363,14.3122,121.1114,Santa Rosa,80.1,83,24,4.25,2022-01-30 11:41:40,PH
364,9.9658,98.6348,Ranong,87.73,76,25,5.01,2022-01-30 11:41:46,TH
365,-30.1811,-50.2056,Cidreira,74.91,62,63,14.56,2022-01-30 11:43:59,BR
366,7.9803,49.8164,Eyl,82.04,55,59,20.45,2022-01-30 11:43:59,SO
367,53.1137,-3.3178,Ruthin,44.74,78,69,4.0,2022-01-30 11:44:00,GB
368,29.0605,-13.564,Teguise,62.82,63,0,14.97,2022-01-30 11:44:01,ES
369,-33.8679,151.2073,Sydney,73.69,83,75,5.01,2022-01-30 11:42:40,AU
370,46.7001,-75.4493,Ferme-Neuve,-20.42,97,29,1.7,2022-01-30 11:44:02,CA
371,-8.4753,-74.8058,Campoverde,71.58,98,100,4.88,2022-01-30 11:44:02,PE
372,-34.6132,-58.3772,Buenos Aires,73.44,71,0,17.27,2022-01-30 11:39:06,AR
373,30.0208,-93.8457,Bridge City,40.5,93,0,3.44,2022-01-30 11:44:03,US
374,-34.7333,135.8667,Port Lincoln,68.76,82,0,10.47,2022-01-30 11:44:04,AU
375,11.8464,13.1603,Maiduguri,82.9,14,33,15.84,2022-01-30 11:44:04,NG
376,-23.65,-70.4,Antofagasta,63.68,73,51,3.36,2022-01-30 11:44:04,CL
377,56.45,138.1667,Ayan,2.95,71,100,17.63,2022-01-30 11:44:05,RU
378,18.4863,-66.8254,Hatillo,69.28,83,0,1.01,2022-01-30 11:44:06,PR
379,-6.1349,12.3689,Soyo,80.65,69,89,10.11,2022-01-30 11:44:07,AO
380,62.2167,135.8,Dzhebariki-Khaya,-35.57,100,65,0.45,2022-01-30 11:44:07,RU
381,65.6145,-37.6368,Tasiilaq,6.96,34,0,31.97,2022-01-30 11:44:07,GL
382,-10.2639,-40.1958,Jaguarari,77.45,59,93,5.84,2022-01-30 11:44:08,BR
383,-16.4975,27.6069,Gwembe,64.06,98,100,4.7,2022-01-30 11:44:09,ZM
384,7.4167,81.8167,Kalmunai,80.69,76,22,10.49,2022-01-30 11:44:09,LK
385,17.35,82.55,Tuni,75.34,61,13,7.65,2022-01-30 11:40:58,IN
386,-22.92,-42.5103,Saquarema,79.75,85,96,3.09,2022-01-30 11:44:10,BR
387,40.6576,-73.5832,Freeport,11.95,57,1,8.01,2022-01-30 11:44:11,US
388,-28.4492,-52.2,Marau,68.14,75,82,7.54,2022-01-30 11:44:11,BR
389,48.2511,32.208,Kompaniyivka,30.85,93,100,16.55,2022-01-30 11:44:12,UA
390,14.1646,38.8955,Adwa,79.86,21,53,2.91,2022-01-30 11:44:13,ET
391,58.3019,-134.4197,Juneau,32.34,92,90,9.22,2022-01-30 11:44:13,US
392,0.5167,25.2,Kisangani,98.6,17,13,2.84,2022-01-30 11:44:14,CD
393,-45.8667,-67.5,Comodoro Rivadavia,57.06,33,20,19.57,2022-01-30 11:44:14,AR
394,-1.8,-53.48,Prainha,72.16,97,100,1.86,2022-01-30 11:44:15,BR
395,16.3,80.45,Guntur,82.29,37,16,3.27,2022-01-30 11:44:16,IN
396,-20.0167,148.2333,Bowen,80.82,80,5,12.59,2022-01-30 11:44:16,AU
397,61.9875,5.1352,Raudeberg,34.9,78,99,1.99,2022-01-30 11:44:16,NO
398,-0.95,-80.7333,Manta,74.98,83,100,13.8,2022-01-30 11:44:17,EC
399,12.4539,4.1975,Birnin Kebbi,86.18,7,28,18.9,2022-01-30 11:44:17,NG
400,62.5333,155.8,Omsukchan,-16.82,100,99,6.35,2022-01-30 11:39:37,RU
401,43.2128,-75.4557,Rome,-9.13,79,1,0.0,2022-01-30 11:44:18,US
402,42.7342,-90.4785,Platteville,14.13,92,90,6.91,2022-01-30 11:44:19,US
403,22.5667,59.5289,Sur,79.14,47,0,6.04,2022-01-30 11:44:20,OM
404,35.5,134.2333,Tottori-shi,37.47,93,75,4.61,2022-01-30 11:39:54,JP
405,-14.8333,-64.9,La Santisima Trinidad,75.18,94,75,0.0,2022-01-30 11:44:21,BO
406,-19.9842,57.6142,Cap Malheureux,85.46,62,24,5.99,2022-01-30 11:44:22,MU
407,21.0167,-102.1667,San Julián,47.52,65,0,2.24,2022-01-30 11:44:22,MX
408,43.133,-115.6912,Mountain Home,10.26,92,0,3.44,2022-01-30 11:44:23,US
409,57.5058,-1.7981,Peterhead,40.5,71,100,16.82,2022-01-30 11:44:23,GB
410,66.9395,-53.6735,Sisimiut,8.85,84,100,30.94,2022-01-30 11:44:24,GL
411,5.8556,125.0453,Malbang,80.2,79,66,2.35,2022-01-30 11:44:25,PH
412,63.4427,-20.2734,Vestmannaeyjar,34.79,80,75,33.38,2022-01-30 11:44:25,IS
413,12.4841,123.3827,Puro,80.01,79,10,0.58,2022-01-30 11:44:26,PH
414,-0.9492,100.3543,Padang,82.45,84,100,3.15,2022-01-30 11:44:27,ID
415,40.7668,-72.8521,Mastic Beach,11.93,53,1,7.0,2022-01-30 11:44:27,US
416,33.7333,75.15,Anantnag,40.17,67,46,1.74,2022-01-30 11:44:28,IN
417,-23.1333,150.7333,Yeppoon,76.78,79,15,11.95,2022-01-30 11:44:29,AU
418,3.1191,35.5973,Lodwar,94.37,21,67,16.96,2022-01-30 11:44:29,KE
419,-3.6954,128.1814,Ambon City,84.34,74,40,4.61,2022-01-30 11:44:30,ID
420,60.3964,-1.353,Brae,39.11,63,100,7.0,2022-01-30 11:44:30,GB
421,39.1834,-84.5333,Hamilton,19.2,74,0,1.01,2022-01-30 11:44:30,US
422,16.1525,36.2032,Wagar,85.66,28,7,10.0,2022-01-30 11:44:31,SD
423,-13.3128,35.2406,Lichinga,73.49,68,75,8.05,2022-01-30 11:43:36,MZ
424,-20.5667,164.2833,Koumac,79.56,82,98,4.32,2022-01-30 11:44:32,NC
425,10.6897,122.3193,Igcocolo,79.12,84,38,2.24,2022-01-30 11:40:40,PH
426,-38.2667,141.9667,Codrington,64.04,96,46,6.98,2022-01-30 11:44:33,AU
427,-0.4139,-65.0192,Santa Isabel Rio Negro,75.54,88,96,4.45,2022-01-30 11:44:33,BR
428,39.8885,4.2658,Mahon,59.56,33,0,12.66,2022-01-30 11:44:34,ES
429,-20.7333,139.5,Mount Isa,76.77,100,100,10.36,2022-01-30 11:44:34,AU
430,-12.0667,134.2667,Maningrida,77.27,91,100,9.89,2022-01-30 11:44:35,AU
431,-7.9408,-34.8731,Paulista,84.06,72,100,8.77,2022-01-30 11:44:35,BR
432,56.8306,86.6258,Zyryanskoye,0.52,99,55,5.12,2022-01-30 11:44:36,RU
433,62.5833,6.1333,Roald,36.36,75,75,13.8,2022-01-30 11:44:37,NO
434,46.8167,23.75,Apahida,42.96,61,75,20.71,2022-01-30 11:44:38,RO
435,45.2508,19.3919,Palanka,51.94,47,45,13.27,2022-01-30 11:44:39,RS
436,-7.2597,-34.9075,Conde,80.06,89,75,5.75,2022-01-30 11:44:39,BR
437,35.244,60.6225,Torbat-e Jām,48.2,39,1,9.35,2022-01-30 11:44:40,IR
438,-7.6087,15.0613,Uíge,77.02,78,90,9.22,2022-01-30 11:44:40,AO
439,63.05,179.3167,Beringovskiy,-12.86,100,79,4.88,2022-01-30 11:44:41,RU
440,-22.0866,-65.5942,Villazón,50.16,79,84,5.99,2022-01-30 11:44:41,BO
441,44.6497,-93.2427,Lakeville,17.06,79,100,9.22,2022-01-30 11:44:42,US
442,4.75,-55.1667,Distrikt Brokopondo,76.06,87,80,5.59,2022-01-30 11:44:42,SR
443,52.4201,136.4853,Imeni Poliny Osipenko,-2.83,99,100,3.8,2022-01-30 11:44:43,RU
444,36.2126,57.6819,Sabzawār,49.28,29,20,11.5,2022-01-30 11:44:44,IR
445,-6.8844,112.2051,Labuhan,79.09,86,97,10.92,2022-01-30 11:44:44,ID
446,37.4725,-4.4421,Cabra,63.55,21,2,1.23,2022-01-30 11:44:44,ES
447,4.6374,103.4368,Paka,82.33,74,20,4.61,2022-01-30 11:41:31,MY
448,57.8817,41.7083,Sudislavl',18.72,94,100,7.31,2022-01-30 11:44:46,RU
449,-13.2,49.05,Ambilobe,83.26,73,62,6.64,2022-01-30 11:44:47,MG
450,41.5357,47.4239,Rutul,34.7,54,69,7.14,2022-01-30 11:44:47,RU
451,43.7501,-81.7165,Goderich,14.5,85,100,6.91,2022-01-30 11:44:48,CA
452,4.375,-7.7169,Harper,86.54,63,39,3.38,2022-01-30 11:44:48,LR
453,39.7684,-86.1555,Marion,18.9,78,75,6.91,2022-01-30 11:44:49,US
454,49.7834,-74.8492,Chapais,-27.62,100,67,3.18,2022-01-30 11:44:49,CA
455,46.1165,8.2931,Domodossola,52.2,48,0,8.14,2022-01-30 11:44:50,IT
456,28.6585,-17.9182,Los Llanos de Aridane,60.12,82,0,3.0,2022-01-30 11:44:51,ES
457,-24.6867,33.5306,Chibuto,89.76,38,95,13.87,2022-01-30 11:44:52,MZ
458,48.1,136.1,Mukhen,-16.01,100,59,3.09,2022-01-30 11:44:53,RU
459,-10.2128,-48.3603,Palmas,76.87,78,40,0.0,2022-01-30 11:41:52,BR
460,50.2334,-63.5986,Havre-St-Pierre,7.57,78,100,23.02,2022-01-30 11:44:53,CA
461,60.0625,71.4789,Salym,10.26,93,100,5.17,2022-01-30 11:44:54,RU
462,-33.2926,23.4895,Willowmore,90.37,18,5,3.78,2022-01-30 11:44:54,ZA
463,18.9048,-3.5265,Araouane,84.22,8,23,17.58,2022-01-30 11:44:54,ML
464,40.8106,111.6522,Hohhot,14.29,48,20,13.42,2022-01-30 11:40:09,CN
465,35.9122,116.3117,Zhoucheng,37.42,61,10,7.31,2022-01-30 11:44:55,CN
466,67.6713,53.087,Naryan-Mar,11.5,93,99,12.19,2022-01-30 11:44:56,RU
467,51.8161,47.009,Podlesnoye,31.08,95,98,8.97,2022-01-30 11:44:57,RU
468,32.8333,66.0,Oruzgan,45.14,49,86,4.34,2022-01-30 11:44:57,AF
469,24.0934,32.907,Aswān,67.3,27,0,8.05,2022-01-30 11:44:58,EG
470,64.2273,27.7285,Kajaani,21.25,86,75,5.75,2022-01-30 11:44:59,FI
471,31.2156,29.9553,Alexandria,64.36,52,40,12.66,2022-01-30 11:44:19,EG
472,-11.0894,-43.1417,Barra,73.98,83,93,4.09,2022-01-30 11:45:00,BR
473,-15.7167,46.3167,Mahajanga,89.62,62,20,10.36,2022-01-30 11:45:01,MG
474,-29.6842,-53.8069,Santa Maria,67.3,83,75,8.05,2022-01-30 11:45:01,BR
475,12.524,-70.027,Oranjestad,75.15,78,20,4.61,2022-01-30 11:43:20,AW
476,-20.2833,44.2833,Morondava,86.16,62,6,13.38,2022-01-30 11:45:02,MG
477,61.2806,46.5208,Shipitsyno,12.7,97,90,3.8,2022-01-30 11:45:03,RU
478,28.2333,83.9833,Pokhara,53.28,72,50,3.18,2022-01-30 11:42:52,NP
479,51.3667,12.7333,Wurzen,42.84,62,94,27.02,2022-01-30 11:45:04,DE
480,-12.7406,-60.1458,Vilhena,71.82,94,75,5.75,2022-01-30 11:45:04,BR
481,69.4865,88.3972,Talnakh,-5.44,97,100,8.21,2022-01-30 11:45:06,RU
482,65.5833,-171.0,Lavrentiya,-2.76,85,19,4.79,2022-01-30 11:45:07,RU
483,11.9214,109.1591,Cam Ranh,76.96,83,20,11.5,2022-01-30 11:40:31,VN
484,31.8111,121.655,Huilong,39.97,65,27,8.21,2022-01-30 11:45:08,CN
485,4.9409,15.8665,Carnot,95.05,11,100,8.9,2022-01-30 11:45:08,CF
486,21.1833,81.2833,Durg,78.98,19,0,6.69,2022-01-30 11:45:09,IN
487,36.6177,-121.9166,Pacific Grove,45.68,68,0,1.01,2022-01-30 11:45:09,US
488,5.7667,73.3833,Manadhoo,83.23,71,18,11.95,2022-01-30 11:45:10,MV
489,37.2368,14.5126,Caltagirone,52.74,42,1,10.36,2022-01-30 11:45:10,IT
490,38.7333,-27.0667,Praia da Vitória,59.25,72,40,20.47,2022-01-30 11:45:11,PT
491,-0.9,-89.6,Puerto Baquerizo Moreno,73.44,83,100,10.18,2022-01-30 11:45:12,EC
492,44.7749,-117.8344,Baker City,8.19,87,0,3.44,2022-01-30 11:45:12,US
493,-12.48,-49.1247,Alvorada,72.64,93,100,3.65,2022-01-30 11:45:13,BR
494,5.5577,95.3222,Banda Aceh,80.28,73,88,6.24,2022-01-30 11:45:13,ID
495,42.2506,-75.833,Broome,1.15,80,1,3.0,2022-01-30 11:45:14,US
496,27.0377,14.4283,Sabha,57.92,32,0,16.4,2022-01-30 11:45:15,LY
497,7.1333,40.7,Ginir,78.03,15,84,11.5,2022-01-30 11:45:15,ET
498,46.5168,-84.3333,Sault Ste. Marie,13.35,85,90,4.61,2022-01-30 11:45:16,CA
499,70.0167,135.6,Ust-Kuyga,-30.44,100,93,7.72,2022-01-30 11:45:16,RU
500,12.6264,80.1722,Mahabalipuram,84.25,74,29,13.0,2022-01-30 11:45:17,IN
501,28.6333,75.3833,Rājgarh,69.31,26,1,6.87,2022-01-30 11:45:17,IN
502,41.7711,34.8709,Sinop Province,34.34,85,17,8.12,2022-01-30 11:45:18,TR
503,-23.3025,30.7187,Giyani,82.38,55,99,7.4,2022-01-30 11:45:19,ZA
504,-26.8241,-65.2226,San Miguel de Tucumán,68.0,88,0,5.75,2022-01-30 11:45:20,AR
505,56.3601,8.6161,Holstebro,42.73,62,4,3.0,2022-01-30 11:45:21,DK
506,61.4681,128.9203,Mokhsogollokh,-21.91,100,99,2.66,2022-01-30 11:45:21,RU
507,30.634,117.8517,Rongcheng,38.55,78,94,3.27,2022-01-30 11:45:21,CN
508,-22.9575,14.5053,Walvis Bay,72.55,68,61,12.66,2022-01-30 11:45:22,NA
509,39.447,-86.1758,Bud,19.76,84,100,5.37,2022-01-30 11:45:22,US
510,3.5915,-75.3818,Ataco,71.1,88,95,2.13,2022-01-30 11:45:23,CO
511,8.4596,25.678,Raja,87.49,11,65,7.09,2022-01-30 11:45:23,SS
512,39.5657,2.5062,Calvià,59.95,55,0,8.34,2022-01-30 11:45:24,ES
513,68.0531,39.5131,Ostrovnoy,12.24,92,100,7.63,2022-01-30 11:45:25,RU
514,-44.7,169.15,Wanaka,56.8,81,70,0.89,2022-01-30 11:45:26,NZ
515,-3.7367,-43.3394,Corrente,75.38,86,100,4.38,2022-01-30 11:45:26,BR
516,51.8657,-2.2431,Gloucester,45.1,78,0,4.61,2022-01-30 11:45:27,GB
517,29.9427,-89.9634,Chalmette,40.08,61,0,1.01,2022-01-30 11:45:27,US
518,-8.0089,-34.8553,Olinda,83.93,74,75,11.5,2022-01-30 11:45:28,BR
519,20.8624,92.3058,Teknāf,67.32,51,0,13.91,2022-01-30 11:45:28,BD
520,23.6139,58.5922,Muscat,77.02,60,0,8.41,2022-01-30 11:44:04,OM
521,37.7167,-25.4333,Vila Franca do Campo,57.61,69,48,15.99,2022-01-30 11:45:30,PT
522,-29.4667,149.85,Moree,78.82,61,75,3.44,2022-01-30 11:43:29,AU
523,-6.1797,-43.7836,Passagem Franca,77.07,74,95,3.74,2022-01-30 11:45:31,BR
524,-35.1667,173.1667,Ahipara,61.25,89,99,6.64,2022-01-30 11:45:32,NZ
525,63.7256,8.834,Sistranda,31.96,59,100,23.02,2022-01-30 11:45:32,NO
526,-28.4083,-54.9608,São Luiz Gonzaga,75.49,57,0,8.59,2022-01-30 11:45:33,BR
527,55.9029,-3.5226,Livingston,40.57,76,75,10.36,2022-01-30 11:44:45,GB
528,-3.7728,-61.6442,Anori,71.78,99,100,3.47,2022-01-30 11:45:34,BR
529,5.6667,73.0,Ugoofaaru,83.1,70,19,10.89,2022-01-30 11:45:34,MV
530,52.2667,79.1667,Klyuchi,17.26,94,51,7.61,2022-01-30 11:45:34,RU
531,41.7589,69.3864,Kazygurt,44.53,63,37,10.33,2022-01-30 11:45:35,KZ
532,-20.1,146.2667,Charters Towers,76.8,77,5,10.49,2022-01-30 11:45:35,AU
533,38.4166,-108.2673,Montrose,10.2,54,0,2.55,2022-01-30 11:45:35,US
534,26.8833,-111.9833,Mulegé,58.35,56,88,5.57,2022-01-30 11:45:36,MX
535,41.8246,44.7536,Zahesi,44.31,38,98,2.75,2022-01-30 11:45:36,GE
536,59.3303,57.2641,Yayva,10.18,96,95,2.57,2022-01-30 11:45:37,RU
537,36.365,6.6147,Constantine,53.01,46,0,3.44,2022-01-30 11:45:37,DZ
538,-35.3378,143.5544,Swan Hill,83.16,36,0,3.51,2022-01-30 11:45:38,AU
539,59.6425,-151.5483,Homer,20.25,85,90,4.61,2022-01-30 11:45:38,US
540,66.8333,70.8333,Yar-Sale,-4.9,97,95,8.34,2022-01-30 11:45:39,RU
541,-3.8667,30.1,Rutana Province,68.99,72,80,2.42,2022-01-30 11:45:39,BI
542,-6.11,-37.6367,Patu,81.0,61,99,10.09,2022-01-30 11:45:40,BR
543,21.2833,-88.2667,Panabá,59.77,74,53,5.91,2022-01-30 11:45:40,MX
544,36.175,-115.1372,Las Vegas,45.77,21,0,11.5,2022-01-30 11:41:05,US
545,26.5412,-77.0636,Marsh Harbour,60.6,63,100,16.89,2022-01-30 11:45:43,BS
546,-8.7386,24.9906,Kamina,76.39,64,100,6.22,2022-01-30 11:45:44,CD
547,66.4167,112.4,Udachny,-26.16,100,21,2.68,2022-01-30 11:45:44,RU
548,-38.5473,-58.7368,Necochea,78.04,64,69,22.17,2022-01-30 11:45:45,AR
549,3.0833,-59.95,Bonfim,78.46,62,88,9.48,2022-01-30 11:45:45,BR
550,56.6208,83.9607,Kargala,5.76,95,76,5.48,2022-01-30 11:45:46,RU
551,46.0901,3.4459,Hauterive,43.56,87,100,2.8,2022-01-30 11:45:46,FR
552,-10.6681,-76.7731,Oyón,43.07,74,100,3.15,2022-01-30 11:45:47,PE
553,-16.3667,-58.4,San Matías,72.84,97,100,3.87,2022-01-30 11:45:47,BO
554,-23.7,133.8833,Alice Springs,74.75,94,75,14.97,2022-01-30 11:45:48,AU
555,-34.0527,23.3716,Plettenberg Bay,76.24,68,12,9.19,2022-01-30 11:45:48,ZA
556,-33.5907,22.2014,Oudtshoorn,75.56,21,0,7.2,2022-01-30 11:45:49,ZA
557,-3.432,10.6554,Mayumba,82.04,73,94,7.87,2022-01-30 11:45:49,GA
